item,expense_type,material,labour,fuel,other,aggregate
factor,,1.0,0.9,0.5,1.0,
land,investment,0.0,0.0,0.0,1.0,1.0
construction,investment,0.6,0.25,0.15,0.0,0.8999999999999999
supervision,investment,0.0,0.5,0.2,0.3,0.8500000000000001
planning_design,investment,0.0,0.7,0.05,0.25,0.905
routine,operation,0.45,0.35000000000000003,0.19999999999999998,0.0,0.8650000000000001
toll_collection,operation,0.0,0.45,0.15,0.4,0.8800000000000001
periodic,operation,0.5,0.35,0.15,0.0,0.8899999999999999
