vehicle,fuel,ratio,unit,a0,a1,a2,a3
car,petrol,0.45,l/km,0.1425,-0.0023369444444444444,1.614969135802469e-05,0.0
car,diesel,0.55,l/km,0.1225,-0.0023369444444444444,1.614969135802469e-05,0.0
lgv,diesel,1.0,l/km,0.1725,-0.0023369444444444444,1.614969135802469e-05,0.0
hgv,diesel,1.0,l/km,0.883,-0.02169,0.000262,-9.89e-07
bus,diesel,1.0,l/km,0.7030000000000001,-0.02169,0.000262,-9.89e-07
