Unnamed: 0,car,lgv,hgv,bus
a0,0.1425,0.1725,0.883,0.7030000000000001
a1,-0.0023369444444444444,-0.0023369444444444444,-0.02169,-0.02169
a2,1.614969135802469e-05,1.614969135802469e-05,0.000262,0.000262
a3,0.0,0.0,-9.89e-07,-9.89e-07
