vehicle,fuel,unit,a0,a1,a2,a3
car,petrol,l/km,0.1425,-0.0023369444444444444,1.614969135802469e-05,0.0
car,diesel,l/km,0.1325,-0.0023369444444444444,1.614969135802469e-05,0.0
lgv,diesel,l/km,0.1725,-0.0023369444444444444,1.614969135802469e-05,0.0
hgv,diesel,l/km,0.883,-0.02169,0.000262,-9.89e-07
bus,diesel,l/km,0.7030000000000001,-0.02169,0.000262,-9.89e-07
